Фраза;Группа;Показы год;Цена клика
мтз цена;стоимость мтз;18271;19.9
минитрактор купить краснодарский;минитракторы;7877;42.3
купить минитрактор +в краснодарском крае;минитракторы;5491;43.6
купить мтз +в краснодарском крае;мтз в краснодаре;5394;28.3
продажа мтз;продажа мтз;5190;21.1
цены +на мтз;стоимость мтз;4120;22
купить мтз россия;продажа мтз;2489;26.4
минитрактор купить цена;минитракторы;2398;41.8
купить трактор мтз краснодарский край;мтз в краснодаре;1926;28.2
трактор +для хозяйства цена;сельхоз трактора;1833;35.5
купить садовый трактор;сельхоз трактора;1589;52.9
продажа мтз +в краснодарском крае;мтз в краснодаре;1286;30.4
где купить минитрактор;минитракторы;1217;44.4
купить мини трактор +в краснодаре;минитракторы;999;39.5
цены +на трактора мтз;стоимость мтз;951;28.5
купить новый минитрактор;минитракторы;934;42.3
купить минитрактор недорого;минитракторы;895;44.3
продажа тракторов +в краснодарском крае;тракторы краснодар;831;36
купить минитрактор мтз;минитрактор мтз;748;27.1
мтз +в краснодаре цена;мтз в краснодаре;709;28.8
трактора +всех моделей +и цены;каталог тракторов;569;40.2
цены +на новый мтз;новые мтз;561;29.1
купить мини трактор +для хозяйства;минитракторы;548;34.9
купля продажа трактора;продажа тракторов;515;48.1
минитрактор мтз цена;минитрактор мтз;512;32.1
трактора мтз +в краснодарском крае;мтз в краснодаре;503;27.8
мини трактора купить цены;минитракторы;451;28.4
свежие объявления продажа тракторов;продажа тракторов;444;35
трактора новые +в россии цена;новые тракторы;439;37.6
стоимость нового мтз;новые мтз;429;34.9
купить трактор мтз новый цена;новые мтз;406;33.2
мтз краснодар официальный сайт;мтз в краснодаре;398;34.3
трактора мтз +в продаже;продажа мтз;385;35.3
каталог +на мтз;каталог мтз;377;21.4
цены +на новые трактора;новые тракторы;368;35.5
купить минитрактор дешево;минитракторы;363;42.5
купить трактор мтз +в краснодаре;мтз в краснодаре;355;32.2
купить мтз садовой;где купить мтз;307;30.7
объявления куплю трактор;продажа тракторов;295;31.3
купить минитрактор +в краснодаре цены;минитракторы;287;40.1
мтз краснодар торговый;мтз в краснодаре;281;34
колесные трактора цена;колесные тракторы;279;35.5
новый беларус трактор цена;новые тракторы беларус;271;45.2
каталог тракторов мтз;каталог мтз;264;24.5
белорусские трактора цена;стоимость беларус;250;22.1
продажа тракторов +и сельхозтехники;сельхоз трактора;241;51.8
нужен трактор мтз;продажа мтз;239;34.2
купить минитрактор беларус;минитрактор мтз;234;47.8
"""трактор цена""";стоимость тракторов;232;27.6
куплю трактор мтз белоруссии;продажа тракторов беларус;226;28.8
купить новый трактор беларус;новые тракторы беларус;220;43.6
стоимость тракторов новых;новые тракторы;204;42.2
где купить мини трактор;минитракторы;203;42.2
минские тракторы цена;продажа тракторов беларус;198;33
купить трактор мтз недорого;недорогие мтз;185;31.5
сколько стоит новый трактор мтз;новые мтз;184;35.6
мтз каталог цены;каталог мтз;175;24.8
купить новый мтз +в краснодаре;мтз в краснодаре;168;34.9
мтз официальный сайт цены;стоимость мтз;168;27.7
продажа тракторов +и цены;стоимость тракторов;168;38.5
дилер мтз краснодар;мтз в краснодаре;156;39.6
куплю сельхоз трактор;сельхоз трактора;153;95.6
купить минитрактор рассрочку;минитракторы;150;53.5
"""продажа тракторов""";продажа тракторов;138;23
трактор белорус куплю;продажа тракторов беларус;135;44.5
мтз официальный сайт каталог;каталог мтз;132;30.2
продажа тракторов +в краснодаре;тракторы краснодар;130;40
трактора +с завода новые цена;тракторы с завода;129;39.8
тракторы беларусь модельный ряд цены;продажа тракторов беларус;123;36.8
трактор беларус мтз цена;стоимость беларус;121;35.7
трактор +в кредит;трактор в кредит;116;61.2
сколько стоит трактора купить;стоимость тракторов;103;99
белорусские трактора купить;продажа тракторов беларус;100;82.8
белоруссия трактора цена;стоимость беларус;96;32.2
купить трактор сегодня;продажа тракторов;95;94.7
сколько стоит трактор беларусь мтз;стоимость беларус;94;30.2
купить трактор беларус цена;стоимость беларус;93;45.8
купить спецтехнику трактор;сельхоз трактора;91;107.2
какие цены +на трактора;стоимость тракторов;90;34.3
купить мтз нового образца;новые мтз;89;30
купить трактор беларусь новый цена;новые тракторы беларус;83;31.1
купить мтз +с завода;стоимость мтз;81;28
продажа новых тракторов;новые тракторы;78;40.2
куплю сельхозтехнику трактор;сельхоз трактора;77;54.5
трактор беларус продажа;продажа тракторов беларус;75;45.1
купить трактор +в краснодаре новый;тракторы краснодар;74;41.9
куплю трактор сельскохозяйственный;сельхоз трактора;71;40.3
цены +на трактор беларус;стоимость беларус;71;38.1
трактор беларус стоимость;стоимость беларус;70;48.9
купить трактор интернет магазин;продажа тракторов;67;37.4
куплю трактор мтз беларус;продажа тракторов беларус;64;34.2
белорусский трактор мтз;продажа тракторов беларус;63;21.9
где можно купить трактор мтз;где купить мтз;63;28.7
купить минитрактор +в кредит;минитракторы;59;51.6
купить мтз +в кредит;продажа мтз;59;34.7
каталог тракторов цены;каталог тракторов;57;33
куплю трактор +с доставкой;продажа тракторов;56;90.7
продажа тракторов беларусь;продажа тракторов беларус;55;36.6
трактор беларусь краснодар;продажа тракторов беларус;55;35.5
продажа мтз краснодар;мтз в краснодаре;54;31.8
трактор колесный продажа;колесные тракторы;53;42.5
цена трактора +на заводе;тракторы с завода;49;37.7
купить трактор российского производства;тракторы с завода;48;38.1
сколько стоит беларусь трактор цена;стоимость беларус;48;35.7
где купить новый трактор;новые тракторы;47;40.1
купить трактор +от производителя;тракторы с завода;45;104.1
расчет стоимости трактора;стоимость тракторов;44;46.9
"""стоимость трактора""";стоимость тракторов;42;33.6
купит мтз белоруссии цена;стоимость беларус;38;31.1
"""цены на трактор""";стоимость тракторов;35;29.5
хочу купить мтз;продажа мтз;34;28.3
каталог мтз онлайн;каталог мтз;32;26.2
цена нового трактора мтз беларусь;новые тракторы беларус;32;28.9
купить сегодня мтз;продажа мтз;30;27.8
трактора покупка продажа;продажа тракторов;30;43.3
цены +на трактора беларусь;стоимость беларус;30;29.5
купить трактор +с завода цена;тракторы с завода;29;39.4
мтз новые модели;новые мтз;26;27.5
купить колесный трактор мтз;колесные тракторы мтз;25;32.1
куплю дешево мтз;недорогие мтз;25;25.1
купить +в лизинг трактор мтз;продажа мтз;23;51.9
купить трактор мтз беларусь новый;новые тракторы беларус;20;29
трактор цена +все модели мтз;каталог мтз;19;31.2
трактора мтз +и сельхозтехника;где купить мтз;19;39.1
купить трактор мини беларусь;минитрактор мтз;18;38.8
купить трактор +и сельхозтехнику;сельхоз трактора;17;52.5
тракторы мтз модельный ряд цены;каталог мтз;16;34.4
купить технику трактора;сельхоз трактора;15;97.2
купить трактор в кредит мтз;продажа мтз;12;39.6
мтз +все модели +и цены;каталог мтз;8;26.4
россия продажа трактора мтз;продажа мтз;3;33.8
беларусь мтз;продажа тракторов беларус;0;17.8
беларусь трактор цена мтз;стоимость беларус;0;30
белоруссия трактор мтз;продажа тракторов беларус;0;26
все модели мтз цена;каталог мтз;0;26.9
где купить мтз;где купить мтз;0;26.3
где купить трактор;продажа тракторов;0;33.6
где купить трактор мтз;где купить мтз;0;29.4
где можно купить мтз;где купить мтз;0;28.3
где можно купить трактор;продажа тракторов;0;36.9
каталог мтз;каталог мтз;0;15.9
колесный трактор мтз;колесные тракторы мтз;0;32.9
купить беларусь мтз;продажа тракторов беларус;0;26.5
купить колесный трактор;колесные тракторы;0;86.6
купить мини трактор +в краснодарский;минитракторы;0;42.3
купить минитрактор +в краснодаре;минитракторы;0;44.6
купить минитрактор кредит;минитракторы;0;54.6
купить мтз;продажа мтз;0;17.1
купить мтз +в краснодаре;мтз в краснодаре;0;30.5
купить мтз +в лизинг;продажа мтз;0;46.6
купить мтз беларус;продажа тракторов беларус;0;29.9
купить мтз белоруссия;продажа тракторов беларус;0;25.7
купить мтз в кредит;продажа мтз;0;33.7
купить мтз краснодар;мтз в краснодаре;0;31.5
купить новый трактор;новые тракторы;0;34
купить новый трактор мтз;новые мтз;0;29.7
купить трактор +в краснодаре;тракторы краснодар;0;91.1
купить трактор +в краснодарском крае;тракторы краснодар;0;38.7
купить трактор +в лизинг;тракторы в лизинг;0;112.3
купить трактор +с завода;тракторы с завода;0;91
купить трактор беларус;продажа тракторов беларус;0;36.1
купить трактор беларусь;продажа тракторов беларус;0;29.5
купить трактор беларусь мтз;продажа тракторов беларус;0;28.5
купить трактор беларусь новый;новые тракторы беларус;0;36
купить трактор краснодар;тракторы краснодар;0;93.6
купить трактор лизинг;тракторы в лизинг;0;109.7
купить трактор мтз;продажа мтз;0;19.7
купить трактор мтз краснодар;мтз в краснодаре;0;37
купить трактор мтз стоимость;стоимость мтз;0;35.6
купить трактор новый цена;новые тракторы;0;44.6
купить трактор стоимость;стоимость тракторов;0;42
купить трактора кредит;трактор в кредит;0;103.5
купить трактора мтз цена;стоимость мтз;0;29.8
купить хороший трактор;продажа тракторов;0;36.2
куплю недорого мтз;недорогие мтз;0;27.7
куплю трактора белоруссии;продажа тракторов беларус;0;33.5
минитрактор мтз;минитрактор мтз;0;20.3
модели мтз цена;каталог мтз;0;0
модели тракторов мтз;каталог мтз;0;24.4
мтз беларус;продажа тракторов беларус;0;20.5
мтз беларус цена;стоимость беларус;0;30.6
мтз беларусь цена;стоимость беларус;0;26.9
мтз в кредит;продажа мтз;0;36.4
мтз краснодар;мтз в краснодаре;0;21.8
мтз купить новый;новые мтз;0;24.6
мтз купить новый цена;новые мтз;0;31.7
мтз модельный ряд +и цены;каталог мтз;0;26.5
мтз недорого;недорогие мтз;0;22.8
мтз нового образца;новые мтз;0;29.4
мтз новый купить беларусь;новые тракторы беларус;0;30.1
мтз новый трактор беларусь;новые тракторы беларус;0;31.6
мтз новый цена;новые мтз;0;27.9
мтз цена купить;стоимость мтз;0;26.9
новые трактора мтз;новые мтз;0;26.7
новый мтз;новые мтз;0;23.1
объявление продажа трактора;продажа тракторов;0;34.8
объявления +о продаже тракторов;продажа тракторов;0;35
объявления +о продаже тракторов мтз;где купить мтз;0;29.5
приобрести мини трактор;минитракторы;0;43.9
продажа мтз краснодарский край;мтз в краснодаре;0;32.3
продажа мтз цены;стоимость мтз;0;29.4
продажа сельхозтехника трактор;сельхоз трактора;0;49.4
продажа трактор цена;стоимость тракторов;0;43.1
продажа тракторов краснодар;тракторы краснодар;0;41.7
продажа тракторов мтз цены;продажа мтз;0;40.4
сельхозтехника трактора мтз;где купить мтз;0;37.4
сколько стоит новый мтз;новые мтз;0;34.7
сколько стоит трактор мтз;стоимость мтз;0;34.5
сколько стоит трактор цена;стоимость тракторов;0;42.5
стоимость мтз;стоимость мтз;0;27.6
стоимость трактора беларусь;стоимость беларус;0;34.2
трактор беларус цена;стоимость беларус;0;41.6
трактор беларусь купить цена;стоимость беларус;0;34.7
трактор беларусь мтз;продажа тракторов беларус;0;27.2
трактор беларусь цена;стоимость беларус;0;28.3
трактор беларусь цена новый;новые тракторы беларус;0;32
трактор краснодар;тракторы краснодар;0;35.3
трактор кредит;трактор в кредит;0;52
трактор лизинг;тракторы в лизинг;0;48
трактор мтз;продажа мтз;0;13
трактор мтз +в краснодаре;мтз в краснодаре;0;31.5
трактор мтз +в лизинг;продажа мтз;0;54.6
трактор мтз беларус;продажа тракторов беларус;0;34.4
трактор мтз краснодар;мтз в краснодаре;0;31.6
трактор мтз краснодарский край;мтз в краснодаре;0;31.5
трактор мтз лизинг;продажа мтз;0;45.6
трактор мтз объявления продажи;где купить мтз;0;33.6
трактор мтз продажа;продажа мтз;0;34.7
трактор мтз цена;стоимость мтз;0;30.1
трактор цена новый;новые тракторы;0;53.4
трактор цена новый россия;новые тракторы;0;39
трактора +с завода цены;тракторы с завода;0;35.1
трактора купить краснодарский край;тракторы краснодар;0;90.2
трактора купить цены;стоимость тракторов;0;44.2
трактора модельный ряд цена;каталог тракторов;0;46.9
трактора мтз +все модели;каталог мтз;0;27.8
трактора мтз модельный ряд;каталог мтз;0;27.1
трактора мтз объявление;где купить мтз;0;23.7
цена нового трактора мтз;новые мтз;0;33
